-- phpMyAdmin SQL Dump
-- version 3.5.8.1deb1
-- http://www.phpmyadmin.net
--
-- Хост: localhost
-- Время создания: Июл 29 2013 г., 21:19
-- Версия сервера: 5.5.31-0ubuntu0.13.04.1
-- Версия PHP: 5.4.9-4ubuntu2.1

SET SQL_MODE="NO_AUTO_VALUE_ON_ZERO";
SET time_zone = "+00:00";


/*!40101 SET @OLD_CHARACTER_SET_CLIENT=@@CHARACTER_SET_CLIENT */;
/*!40101 SET @OLD_CHARACTER_SET_RESULTS=@@CHARACTER_SET_RESULTS */;
/*!40101 SET @OLD_COLLATION_CONNECTION=@@COLLATION_CONNECTION */;
/*!40101 SET NAMES utf8 */;

--
-- База данных: `tasker`
--

-- --------------------------------------------------------

--
-- Структура таблицы `bnd_data`
--

CREATE TABLE IF NOT EXISTS `bnd_data` (
  `id` int(11) NOT NULL AUTO_INCREMENT,
  `data` text NOT NULL,
  `create_time` datetime NOT NULL,
  `update_time` datetime NOT NULL,
  `user_id` int(11) NOT NULL,
  PRIMARY KEY (`id`)
) ENGINE=InnoDB  DEFAULT CHARSET=utf8 AUTO_INCREMENT=344 ;

--
-- Дамп данных таблицы `bnd_data`
--

INSERT INTO `bnd_data` (`id`, `data`, `create_time`, `update_time`, `user_id`) VALUES
(1, 'something', '2013-05-02 23:30:46', '2013-05-02 23:31:13', 0),
(2, 'something new', '2013-05-04 17:50:57', '2013-05-04 17:50:57', 0),
(3, 'another thing', '2013-05-04 17:51:15', '2013-05-04 17:51:15', 0),
(4, 'Hello, world!', '2013-06-11 20:48:14', '2013-06-11 20:48:14', -1),
(5, 'ischo', '2013-06-11 21:44:49', '2013-06-11 21:44:49', -1),
(6, '123', '2013-06-24 15:19:18', '2013-06-24 15:19:18', -1),
(7, '123', '2013-06-24 15:39:13', '2013-06-24 15:39:13', -1),
(8, '123', '2013-06-24 15:40:18', '2013-06-24 15:40:18', -1),
(9, '123', '2013-06-24 15:40:21', '2013-06-24 15:40:21', -1),
(10, '123', '2013-06-24 15:40:29', '2013-06-24 15:40:29', -1),
(11, 'zlo', '2013-06-24 15:41:02', '2013-06-24 15:41:02', -1),
(12, 'Сделать хрень', '2013-06-24 23:04:03', '2013-06-24 23:04:03', -1),
(13, 'Еще че-то там запилить', '2013-06-24 23:05:10', '2013-06-24 23:05:10', -1),
(14, 'Tasker - сделать вложенные таски.', '2013-06-24 23:07:43', '2013-06-24 23:07:43', -1),
(15, 'Ну типа задача', '2013-06-28 13:05:53', '2013-06-28 13:05:53', -1),
(16, '11', '2013-06-28 13:08:28', '2013-06-28 13:08:28', -1),
(17, '11', '2013-06-28 13:08:30', '2013-06-28 13:08:30', -1),
(18, '11', '2013-06-28 13:08:54', '2013-06-28 13:08:54', -1),
(19, '11', '2013-06-28 13:09:12', '2013-06-28 13:09:12', -1),
(20, '11', '2013-06-28 13:13:34', '2013-06-28 13:13:34', -1),
(21, 'проверить, как пашет добавление задач', '2013-06-28 13:15:09', '2013-06-28 13:15:09', -1),
(22, 'запалить, чтобы не было трабловd', '2013-06-28 13:16:03', '2013-06-28 13:30:34', -1),
(23, 'Конкретно запалить, чтобы не было траблов', '2013-06-28 13:31:17', '2013-06-28 14:07:55', -1),
(24, 'зло', '2013-06-28 14:34:15', '2013-06-28 14:34:15', -1),
(25, 'зло2', '2013-06-28 14:34:50', '2013-06-28 14:34:50', -1),
(26, 'злой таск', '2013-06-28 14:36:24', '2013-06-28 14:36:24', -1),
(27, 'tasker - подсвечивать красным чайлдов, где есть НЕРЕШЕННЫЕ чайлды. И дисаблед на done', '2013-06-28 14:40:01', '2013-06-28 14:40:01', -1),
(28, 'tasker - заменить $parentTaskId на $model->parent->id', '2013-06-28 15:11:28', '2013-06-28 15:11:28', -1),
(29, 'tasker - сделать шире поле для ввода', '2013-06-28 15:11:46', '2013-06-28 15:11:46', -1),
(30, '12378', '2013-06-28 15:24:23', '2013-06-28 15:28:42', -1),
(31, '1231238', '2013-06-28 15:24:36', '2013-06-28 15:30:31', -1),
(32, 'ещё хрень', '2013-06-28 15:34:36', '2013-06-29 19:30:15', -1),
(33, 'phpmyadmin\r\nувеличить время сессии\r\nhttp://eddnet.org/?p=1870\r\nhttp://forum.ru-board.com/topic.cgi?forum=31&topic=15390', '2013-06-28 18:26:03', '2013-07-14 11:22:50', -1),
(34, 'Атомный лес', '2013-06-30 10:53:17', '2013-06-30 10:53:17', -1),
(35, 'Normal - Tasker', '2013-06-30 10:53:47', '2013-07-14 11:23:11', -1),
(36, 'tasker - сделать inbox как tasks. Редиректить на inbox''ы же. Ну и т.д.', '2013-06-30 10:54:40', '2013-06-30 10:54:40', -1),
(37, 'Алиса - напомнить решения с треугольниками', '2013-06-30 10:55:42', '2013-06-30 10:55:42', -1),
(38, 'Жека там что-то говорил про xdebug и трассировку', '2013-06-30 10:56:21', '2013-07-14 11:22:26', -1),
(39, 'data\r\n\r\nу этого есть задача? - ссылка (target=blank) на добавление задачи\r\nу этого есть тег? - ссылка на добавление тегов\r\netc', '2013-06-30 10:58:13', '2013-06-30 10:58:13', -1),
(40, 'ссылка urgent ведет на ВСЕ срочные, а не только без par_id. соответственно, делаем сортировку по priority и цветовую подсказку, какой приоритет у задачи. У later и уже решенных цвет будет серый, придумать, как их различать.', '2013-06-30 11:00:45', '2013-06-30 11:00:45', -1),
(41, 'Агентство Лунный Свет', '2013-06-30 23:28:19', '2013-06-30 23:28:19', -1),
(42, 'Later - Разное', '2013-07-14 11:18:28', '2013-07-14 11:18:28', -1),
(43, 'Normal - Разное', '2013-07-14 11:18:46', '2013-07-14 11:18:46', -1),
(44, 'Urgent - Разное', '2013-07-14 11:18:57', '2013-07-14 11:18:57', -1),
(45, 'Вопросы доктору', '2013-07-14 11:19:26', '2013-07-14 11:19:26', -1),
(46, 'Сколько денег в месяц тратится', '2013-07-14 11:19:45', '2013-07-14 11:19:45', -1),
(47, 'Написать пожелания насчет читалки', '2013-07-14 11:24:06', '2013-07-14 11:24:06', -1),
(48, 'Later - Web', '2013-07-14 11:24:28', '2013-07-14 11:24:36', -1),
(49, 'cgi, fast-cgi', '2013-07-14 11:24:54', '2013-07-14 11:24:54', -1),
(50, 'подучить регулярки', '2013-07-14 11:34:19', '2013-07-14 11:34:19', -1),
(51, 'cs-volia и другие серваки. расследовать и добавить в info на таскере', '2013-07-14 11:36:07', '2013-07-14 11:36:07', -1),
(52, 'Later - English', '2013-07-14 11:36:30', '2013-07-14 11:36:30', -1),
(53, 'Добавить в раздел таскера "Английский", когда оный будет создан.\r\nchill out - отвисать (отдыхать)\r\nofford to - позволять себе\r\ngossip - сплетничать\r\nsmirk - ухмыляться\r\nbrowny - пирожное\r\naging - старение\r\nformer - бывший\r\nlack - нехватка, недостаток\r\nall the more so - тем более\r\nregardless - не смотря на\r\nvice versa - наоборот\r\nfed up - надоевший\r\nrival - соперник\r\ninattentive - невнимательный\r\npacked off - загнанный в рамки\r\nrespectively - соответственно\r\noffended - обиженный', '2013-07-14 11:41:32', '2013-07-14 11:41:32', -1),
(54, 'Узнать перевод "по правде говоря"', '2013-07-14 11:41:46', '2013-07-14 11:41:46', -1),
(55, 's02e10 Breaking Bad в конце "не лезьте на мою территорию". стянуть музыку', '2013-07-14 11:43:15', '2013-07-14 11:43:15', -1),
(56, 'больше спермы?', '2013-07-14 11:43:39', '2013-07-14 11:43:39', -1),
(57, 'Качалка. Киноа содержит кучу полезняшек, чтобы стать качком. Все аминокислоты.', '2013-07-14 11:44:29', '2013-07-14 11:44:29', -1),
(58, 'Distribution - распределение.', '2013-07-14 11:45:02', '2013-07-14 11:45:02', -1),
(59, 'НЛП.', '2013-07-14 11:45:31', '2013-07-14 11:45:31', -1),
(60, 'Яна из MobiDev с новым типом заливали проект по адресу billing.securesupport.biz. Глянуть, что за билинг, условия.', '2013-07-14 11:46:30', '2013-07-14 11:46:30', -1),
(61, 'Паритет - на заучивание.', '2013-07-14 11:46:55', '2013-07-14 11:46:55', -1),
(62, 'Меч без имени. Найти на инглише и кинуть на книжку русскую и английскую версии.', '2013-07-14 11:47:36', '2013-07-14 11:47:36', -1),
(63, 'Записать в info.\r\nСлучай в cs на nuke - я один осталя, их 3, бомба в подвале. Спустился по лестнице, двоих со стандартного пистоля, закончились патроны. Третьего с ножа и как раз сработала бомба и меня убило уже после победы в раунде. Это был первый раунд, а мне дали сразу две звезды, ну и 3 фрага.', '2013-07-14 11:50:14', '2013-07-14 11:50:14', -1),
(64, 'Записать в дневник про случай с кровью из носа.', '2013-07-14 11:50:56', '2013-07-14 11:50:56', -1),
(65, 'Tasker - записывать то, что прошел за день и повторять вечером и в конце недели.', '2013-07-14 11:52:48', '2013-07-14 11:52:48', -1),
(66, 'База знаний нужна, чтобы обогнать, потому, что так просто не получится.', '2013-07-14 11:53:43', '2013-07-14 11:53:43', -1),
(67, 'DePhazz - BelleDeJour - перевод.', '2013-07-14 11:56:21', '2013-07-14 11:56:21', -1),
(68, 'Попапы по document.ready() и пр. часто блокируются брацзером. Нужно по клику.', '2013-07-14 11:57:23', '2013-07-14 11:57:23', -1),
(69, 'Diary\r\ntimeline.js\r\ntimeline.verite.co', '2013-07-14 12:01:07', '2013-07-14 12:01:07', -1),
(70, 'Бокс. Подворачивать боковушки внутрь.', '2013-07-14 12:02:23', '2013-07-14 12:02:23', -1),
(71, 'Чел с моими дискетами - Аркаша.', '2013-07-14 12:03:26', '2013-07-14 12:03:26', -1),
(72, 'Поискать duskfalling на android.', '2013-07-14 12:06:59', '2013-07-14 12:06:59', -1),
(73, 'collab.mobidev.biz. Логин и пароль обновить.', '2013-07-14 12:07:54', '2013-07-14 12:07:54', -1),
(74, 'Зинаида Кухаречко - баба, которая начала швейный бизнес с помощью дотаций и может набирать персонал. Рассказать Алисыной маме. А через время повторить.', '2013-07-14 12:09:21', '2013-07-14 12:09:21', -1),
(75, 'Двор. 5 мая +/- на молдове направляем ветки, т.е. оставляем только нужные и сильные, самые ближние к основанию, как ветки замещения. 12 мая +/- на молдове снимаем массу, т.е. на сильных ветках оставляем максимум две кисти и убираем пасынки. Оставляем только сильные ветки, можно прозапас кое-где слабые, но немного и не забыдь потом обрезать.', '2013-07-14 12:13:46', '2013-07-14 12:13:46', -1),
(76, 'Алиса - на вопросы мамы о свадьбе, пусть отвечает, что "он меня пока не берет не из-за ''супа'', а пока мы не начнем работать оба."', '2013-07-14 12:56:23', '2013-07-14 12:56:23', -1),
(77, 'Стас - посмотреть его картины в вк и написать про нос.', '2013-07-14 12:56:47', '2013-07-14 12:56:47', -1),
(78, '<b>Ацкие мегапланы по таскеру. Многие из них не актуальны.</b>\r\n\r\nРазделы:\r\n1) data\r\n2) одноразовые задачи\r\n3) info\r\n4) задачи на повтор\r\n5) теги\r\n\r\n<b>Отдельный модуль по повторам</b>\r\nПрилепить к повторам можно все, что угодно - знания, diary, tasks и т.д.\r\n<span style="color:red">Контекст этого модуля - это именно обучение</span>, а не повторяющиеся задачи (типа почистить зубы).\r\n\r\n<b> Отдельный модуль с повторяющимися задачами</b>\r\nС task_id и крутыми настройками, когда повторять задачу ("каждый вечер", "раз в неделю"). У задач приоритет, типа "важно" или "не очень важно" - в зависимости от приоритета, сигнализируется либо настойчиво (вплоть до смс на телефон), либо вообще никак и просто отображается в списке задач на повтор.\r\nВажно!!!!! Задачи на повтор не отображаются в списке обычных разовых задач!\r\n\r\n<b>Модуль inbox</b>\r\n\r\n<b>Отдельно раздел в Later например, типа "Later - изучить" или "Later - просмотреть"</b>\r\n\r\n<b>Дневник diary</b>\r\nРазные галочки типа "важная дата" (или промежуток дат), "дополнить" (должно выделяться пиздец красным текстом и с восклицательными знаками!!!) - на случай, если день/промежуток описан не достаточно полно. Кстати, все пустые дни тоже как-то помечаем, например серым.\r\n\r\n<b>Теги</b>\r\nКроме самих тегов, можно добавлять пресеты. Например, "php web work изучить", "js web work изучить".\r\n\r\n<b>Модуль "Знакомая музыка"</b>\r\nХз, продумать. Сюда же можно отнести знакомые фильмы/мультфильмы. Чтобы потом понастольгировать. Плюс избранное, конечно!\r\n\r\n<b>Модуль "Периодически посещать"</b>\r\nДве цели.\r\n1) Мониторить, не ответили ли на интересный коммент.\r\n2) Мониторить, не вышла ли очередная серия Гриффинов или Сауз Парка.\r\nТоже есть par_id, тоже есть описание (например, "последняя серия Гриффинов - s10e12"), тоже есть куча настроек "как часто" и приоритеты, определяющие, как сигнализировать.\r\n<span style="color:red">Вообще, наверно стоит это оформить как разделы в задачах на повторение</span>\r\n\r\n<b>Модуль "Календарь"</b>\r\nЗдесь мы отдельно добавляем ДР друзей, прздники и прочие события. Плюс, <span style="color:red">у многих задач и т.п. есть галочка "отображать на календаре"</span>. Кстати, не забываем задачам добавить возможность выбрать дату.\r\nКуча линз в календаре, например:\r\n1) ДР. и праздники.\r\n2) Задачи.\r\n3) Сезонные дела, типа "обезать виноград" и т.п.\r\n\r\nВозможно, эти линзы будут автоматически заполняться через par_id задач, возможно вручную проставляться в календаре. Возможно, в календаре будет всего два раздела - "ДР" и "Задачи", а во вкладке "Задачи" линзы будут по par_id тех задач, у которых стоит галочка "отображать в календаре".\r\nПлюс линза "ВСЕ", конечно!\r\n\r\n<b>Модуль сигнализирования</b>\r\nОтдельная история, продумать.', '2013-07-17 12:21:30', '2013-07-17 12:52:50', -1),
(79, 'Diary. Помимо дней ещё и промежутки. И красивый график. Например:\r\n<pre>\r\n                        поход в Луначарского\r\n                                           |\r\n          поездка в Крым        |\r\n             |                             |\r\n   _______|___________________|_____\r\n   |                                       |       |\r\n 15|16|17|18|19|20|21|22|23|24|25\r\n</pre>', '2013-07-17 13:08:24', '2013-07-17 14:27:32', -1),
(80, 'Помимо приоритета в задачах будет ацкий фильтр с тегами и галочками. По умолчанию, включены все галочки, но я могу оставить, например, только "web" или только "tasker".', '2013-07-17 13:14:20', '2013-07-17 13:14:20', -1),
(81, 'Diary - фотки и файлы к дневнику. Фотки можно просмотреть на общей ленте (понятно, что подгружаются аяксом при наведении или клике по дну/промежутку). Нужно на ленте показывать, что к этой дате есть какие-то фотки и/или файлы.', '2013-07-17 13:16:31', '2013-07-17 13:16:31', -1),
(82, 'У фоток и файлов, кстати, тоже есть теги и пр. Т.о, у нас глобально уже две рабочие лошадки - data_id и file_id. Возможно, имеет смысл совместить. Но тогда, одна задача будет иметь неколько data_id. Например 2 текста и 3 файла. И также diary и пр.', '2013-07-17 13:20:11', '2013-07-17 13:20:11', -1),
(83, 'Почему tasker охуенен? Подобно тому, как иходники git''а хранятся в git''е, для разработки tasker''а я использую tasker.', '2013-07-17 13:23:03', '2013-07-17 13:23:03', -1),
(84, 'Узнать, из какой части носа вообще идет кровь.', '2013-07-17 13:24:10', '2013-07-17 13:24:10', -1),
(85, 'В шкафу лежат скрепленные скрепкой:\r\n1) билеты в зал ожидания, когда мы с Алисой 19 мая 2013 года ездили на X-Фактор в Днепропетровск.\r\n2) 3 чека, когда мы с MobiDev перезжали с ДОСААФА-Пурпура к студ. столовке. Тода в вс мы ездили на ставок возле аэропорта "Остров Сокровищ" в вс. А накануне, мы с Алисой зашли скупиться в АТБ. И зашли уже запару минут до запрета на продажу алкоголя, поэтому сразу купилп алкоголь, потом купили хавку, а потом я кое о чем вспомнил и купил ещё кое-что. Итог - 3 чека за 10 минут.', '2013-07-17 13:36:52', '2013-07-17 13:36:52', -1),
(86, 'Едут в поезде в одном купе хохол и негр. Хохол достает сало, цыбулю (лук) , нарезает на кусочки сало. Негр спрашивает:\r\n- Что это?\r\n- Цэ сало.\r\n- Да какое же это сало. Вот когда мы в Зимбабве свежуем бегемота, вот там сало, полметра толщиной.\r\nХохол заметно напрягся. Достает вареные яйца.\r\nНегр спрашивает:\r\n- Это что?\r\n- Цэ яйца.\r\n- Ну разве это яйца? Вот когда мы в Зимбабве разбиваем страусиное яйцо и жарим яичницу, то могут наесться сразу двадцать человек.\r\nХохол напрягся еще больше. Достает большой арбуз, килограмм на 10.\r\nНегр спрашивает:\r\n- Ну а это что?\r\n- Цэ крыжовник. Дичка.', '2013-07-17 13:44:00', '2013-07-17 13:44:00', -1),
(87, 'программа типа matlab для linux. и изучить. поставить задачу на изучения. с подзадачами.', '2013-07-17 13:55:35', '2013-07-17 13:55:35', -1),
(88, 'Достать ещё варенья!!!', '2013-07-17 13:56:25', '2013-07-17 13:56:25', -1),
(89, 'Фрапе - кофе с мороженым. Может, имеет смысл сделать подраздел "кулинария" или "что я люблю".', '2013-07-17 13:57:09', '2013-07-17 13:57:09', -1),
(90, 'Накатывать голени и предплечья. Чуть позже. А делать растяжку как можно раньше. Сделать задачу на повтор.', '2013-07-17 13:57:54', '2013-07-17 13:57:54', -1),
(91, 'В задачах на повтор статистику. Как часто делал растяжку, например. Можно даже замутить типа RPG, чтобы дополнительно стимулировать.', '2013-07-17 13:58:59', '2013-07-17 13:58:59', -1),
(92, 'Скинуть музыку из ВК.', '2013-07-17 14:12:47', '2013-07-17 14:12:47', -1),
(93, 'Постирать черную спортивную сумку Алисы, в которой я таскал гирю.', '2013-07-17 14:19:36', '2013-07-17 14:19:36', -1),
(94, 'Постирать черную спортивную сумку Алисы, в которой я таскал гирю.', '2013-07-17 14:19:55', '2013-07-17 14:19:55', -1),
(95, '<pre>\r\nbeforeSave ()\r\n{\r\n    if($this->owner->isNewRecord()) {\r\n        $this->owner->update_time = $this->owner->create_time = time();\r\n    } else {\r\n        $this->owner->update_time = time();\r\n    }\r\n}\r\n</pre>', '2013-07-17 14:26:51', '2013-07-17 14:27:07', -1),
(96, 'Задача на mysql - снести все таблицы не одной командой, а через выборку имен таблиц и цикл.', '2013-07-17 14:28:40', '2013-07-17 14:28:40', -1),
(97, 'Чехлить git.', '2013-07-17 14:29:00', '2013-07-17 14:29:00', -1),
(98, 'Запилить OAuth сервак.', '2013-07-17 14:29:37', '2013-07-17 14:29:37', -1),
(99, 'Не забываем про спрайты.', '2013-07-17 14:29:57', '2013-07-17 14:29:57', -1),
(100, 'Расчехлить относительно новую фишку в PHP - трейты.', '2013-07-17 14:30:17', '2013-07-17 14:30:17', -1),
(101, 'MySQL bind - чтобы чаще попадать в кеш.', '2013-07-17 14:32:06', '2013-07-17 14:32:06', -1),
(102, 'С svg можно работать как с DOM. Расчехлить.', '2013-07-17 14:32:42', '2013-07-17 14:32:42', -1),
(103, 'OAuth -> SAML.', '2013-07-17 14:32:58', '2013-07-17 14:32:58', -1),
(104, 'Асинхронная загрузка вк. На случай, если админ фильтрует вк, чтобы не зафильтровал и проект.\r\n\r\nКстати, имеет смысл добавить список того, что стоит делать в каждом проекте. Например, экранировать вывод, защищать от XSS и т.п.', '2013-07-17 14:33:48', '2013-07-17 14:35:40', -1),
(105, 'На сервере можно реализовать OAuth нескольких версий. Тогда, хорошим тоном будет указание версии в заголовках, например:\r\nAuthorization:\r\n    oauth_consumerkey=...\r\n    oauth_version="1.0"', '2013-07-17 15:07:04', '2013-07-17 15:07:04', -1),
(106, 'Попробовать XHRIframeProxy', '2013-07-17 15:07:36', '2013-07-17 15:07:36', -1),
(107, 'АОП\r\nhabrahabr.ru/post/165329', '2013-07-17 15:08:03', '2013-07-17 15:08:03', -1),
(108, 'Backvendor', '2013-07-17 15:08:37', '2013-07-17 15:08:37', -1),
(109, 'Ложка на работу!', '2013-07-17 15:09:00', '2013-07-17 15:09:00', -1),
(110, 'Ninjs Scroll', '2013-07-17 15:09:16', '2013-07-17 15:09:16', -1),
(111, 'То, что стоит искать по каждой теме - best practices. Например, selenium best practices.', '2013-07-17 15:10:03', '2013-07-17 15:10:03', -1),
(112, 'Текст "орбит без сахара"', '2013-07-17 15:14:39', '2013-07-17 15:14:39', -1),
(113, 'Повторить GRASP', '2013-07-17 15:14:59', '2013-07-17 15:14:59', -1),
(114, 'Узнать, как быстрей обородатиться.', '2013-07-17 15:16:07', '2013-07-17 15:16:07', -1),
(115, 'approach', '2013-07-17 15:16:29', '2013-07-17 15:16:29', -1),
(116, 'Не важно, сколько лет - 90 или 20.\r\nХорошо смеется тот, кто умеет хорошо смеяться.', '2013-07-17 15:17:11', '2013-07-17 15:17:11', -1),
(117, 'Добавляем в конец ~/.bashrc:\r\nexport HISTSIZE=99999\r\nexport HISTFILESIZE=9999999', '2013-07-17 15:19:12', '2013-07-17 15:19:12', -1),
(118, 'Later - Work', '2013-07-17 15:20:26', '2013-07-17 15:20:36', -1),
(119, 'Journal', '2013-07-17 15:20:49', '2013-07-17 15:20:49', -1),
(120, 'вместо того, чтобы передавать в device/_list.php массив, нужно передавать dataProvider (траблы с actionSearch() {...})', '2013-07-17 15:22:00', '2013-07-17 15:22:00', -1),
(121, 'заменить retrieve на return', '2013-07-17 15:22:14', '2013-07-17 15:22:14', -1),
(122, 'заменить update info successful на info updated succesfully', '2013-07-17 15:22:46', '2013-07-17 15:22:46', -1),
(123, 'инвентарный номер в начало, чтобы не обрезался', '2013-07-17 15:23:12', '2013-07-17 15:23:12', -1),
(124, 'добавить версию ОС', '2013-07-17 15:23:45', '2013-07-17 15:23:45', -1),
(125, 'писать количество отображаемых девайсов', '2013-07-17 15:24:08', '2013-07-17 15:24:08', -1),
(126, 'Selenium', '2013-07-17 15:24:34', '2013-07-17 15:24:34', -1),
(127, 'Лёша Васильченко разбирался с Selenium', '2013-07-17 15:25:05', '2013-07-17 15:25:05', -1),
(128, 'Т.к. у нас есть QA, регрессию по аспектам не обязательно делать, в то время, как юниты обязательны (пример со сбором статистики).\r\n\r\nВ тоже время, удобно запихнуть тесты в прекоммит, тогда мы увидим ошибку ещё ДО коммита в общий код, что лучше, чем потом разбираться в общаке, кто же виноват.', '2013-07-17 15:27:16', '2013-07-17 15:27:32', -1),
(129, 'Webdriver не поддерживает PHP. А это много вкусняшек, типа кроссдоменных запросов.\r\n\r\nSelenium RC', '2013-07-17 15:28:32', '2013-07-17 15:28:32', -1),
(130, 'Selenium, как и TDD позволяет собрать мысли и четче формализовать задачу.', '2013-07-17 15:29:14', '2013-07-17 15:29:14', -1),
(131, 'Можно запилить квиквин благодаря Selenium IDE.', '2013-07-17 15:30:37', '2013-07-17 15:30:37', -1),
(132, 'AndWait.', '2013-07-17 15:30:49', '2013-07-17 15:30:49', -1),
(133, 'На этапе, пока интерфейс часто меняется, лучше тесты не писать - придется часто переписывать.', '2013-07-17 15:31:31', '2013-07-17 15:31:31', -1),
(134, 'Желательно писать в wiki к проекту, что здесь есть selenium.', '2013-07-17 15:32:03', '2013-07-17 15:32:03', -1),
(135, 'Можно использовать для проверку на битые ссылки.', '2013-07-17 15:32:58', '2013-07-17 15:32:58', -1),
(136, 'хорошо иметь отдельную карту локаторов - admin.loginButton. Короче, неймспейсы.', '2013-07-17 15:33:54', '2013-07-17 15:33:54', -1),
(137, 'Шаблон Page Object.', '2013-07-17 15:34:05', '2013-07-17 15:34:05', -1),
(138, 'S. нужен хотябы потому, что фикс одного бага часто порождает другие.', '2013-07-17 15:34:54', '2013-07-17 15:34:54', -1),
(139, 'При вопросе, кто будет внедрять, все конечно скажут ОН, хотя все и понимают, что это хорошо. Лень.', '2013-07-17 15:35:44', '2013-07-17 15:35:44', -1),
(140, 'Списки в Redis хороши для хранения списка действий пользователя. Для Ctr+Z.', '2013-07-17 15:37:14', '2013-07-17 15:37:14', -1),
(141, 'Множества Redis отлично подходят для теггинга.', '2013-07-17 15:37:41', '2013-07-17 15:37:41', -1),
(142, 'Репликация.\r\nРепликация в Redis. ', '2013-07-17 15:38:04', '2013-07-17 15:38:04', -1),
(143, 'UML-диаграмма вариантов использования.', '2013-07-17 15:38:26', '2013-07-17 15:38:26', -1),
(144, '<b style="color:red">Vertical-align :)</b>\r\n\r\n<pre>\r\ndiv position=relateive\r\n    div h=50, pos=abs, top=50%, mtop=-25px\r\n</pre>', '2013-07-17 15:39:59', '2013-07-17 15:39:59', -1),
(145, 'Отдельная тема по безопасности.\r\n- Nonce\r\n- Кроссайтовый скриптинг\r\n- Шелл\r\n- Эксплойт\r\n\r\nTLS, SSL -> OAuth', '2013-07-17 15:41:00', '2013-07-17 15:41:00', -1),
(146, 'Team Viewer, Hudson', '2013-07-17 15:41:28', '2013-07-17 15:41:28', -1),
(147, 'инкапсуляция\r\nсвязность - cohesion\r\nсвязанность - coupling\r\nортогональность - ortogonality\r\nполиморфизм', '2013-07-17 15:42:40', '2013-07-17 15:42:40', -1),
(148, 'Phing и Ant', '2013-07-17 15:42:50', '2013-07-17 15:42:50', -1),
(149, 'http, https, udp, tcp/ip', '2013-07-17 15:43:07', '2013-07-17 15:43:07', -1),
(150, 'Расчехлить memcache и memcached', '2013-07-17 15:43:27', '2013-07-17 15:43:27', -1),
(151, 'db - explain, optimization, structure, tips etc.', '2013-07-17 15:44:00', '2013-07-17 15:44:00', -1),
(152, 'Redis или Mongo? Redis юзают, как кеш.', '2013-07-17 15:44:24', '2013-07-17 15:44:24', -1),
(153, 'Behat - тестирование.', '2013-07-17 15:44:38', '2013-07-17 15:44:38', -1),
(154, 'backbone - коллекции.', '2013-07-17 15:45:05', '2013-07-17 15:45:05', -1),
(155, 'Phing - хорошо для *.phar, *.min.js', '2013-07-17 15:45:36', '2013-07-17 15:45:36', -1),
(156, 'Жестче выделить те таски, у которых есть незавершенные чайлды.', '2013-07-17 15:46:11', '2013-07-17 15:46:11', -1),
(157, 'Unit-тестирование побуждает к написанию high-cohesion и low-coupling кода.', '2013-07-17 15:46:53', '2013-07-17 15:46:53', -1),
(158, 'На ukrbash.org/api хорошо описаны коды ошибок от сервиса.', '2013-07-17 15:48:01', '2013-07-17 15:48:01', -1),
(159, 'being', '2013-07-17 15:48:14', '2013-07-17 15:48:14', -1),
(160, 'В модели никаких $_GET - для этого есть контроллер. Так, можно сделать тесты для такой модели, просто подменив для неё контекст.', '2013-07-17 16:36:28', '2013-07-17 16:36:28', -1),
(161, 'Диафантово уравнение.', '2013-07-17 16:37:11', '2013-07-17 16:37:11', -1),
(162, 'Что такое swag?', '2013-07-17 16:37:28', '2013-07-17 16:37:28', -1),
(163, 'Recently Updated Documentation - специально для девелоперов "в теме", которые могут зайти и посмотреть, какие изменения в API за последний месяц.', '2013-07-17 16:38:46', '2013-07-17 16:38:46', -1),
(164, 'Хабр - "4 шага на пути в гугл" - описываются тесты.', '2013-07-17 16:40:04', '2013-07-17 16:40:04', -1),
(165, 'Скинуть Мэта Зандстру на эл. книжку.', '2013-07-17 16:40:33', '2013-07-17 16:40:33', -1),
(166, 'В ДР ссылки на конкретных пиплов с их телефонами, емейлами, vk, fb и т.д.', '2013-07-17 16:41:42', '2013-07-17 16:41:42', -1),
(167, 'О неразглашении - только если у инфы коммерческая ценность.', '2013-07-17 16:42:46', '2013-07-17 16:42:46', -1),
(168, 'Дополнение "погода". И на телефон тоже.', '2013-07-17 16:43:17', '2013-07-17 16:43:17', -1),
(169, 'vim - красная полоска в 80 символов.', '2013-07-17 16:43:42', '2013-07-17 16:43:42', -1),
(170, 'Заклеить красную футболку.', '2013-07-17 16:44:35', '2013-07-17 16:44:35', -1),
(171, 'ЛИКБЕЗ - ликвидируй безграмотность.', '2013-07-17 16:44:58', '2013-07-17 16:44:58', -1),
(172, 'раздел о софте из need', '2013-07-17 16:45:46', '2013-07-17 16:45:46', -1),
(173, 'Как увеличить вероятность выведения матки у пчел?\r\n\r\nhttp://medokk.com/sezonnye-raboty-na-paseke/vyvod-matok/', '2013-07-17 16:46:18', '2013-07-17 16:48:07', -1),
(174, 'трюки - алиюп', '2013-07-17 16:48:22', '2013-07-17 16:48:22', -1),
(175, 'Луи Армстронг', '2013-07-17 16:49:00', '2013-07-17 16:49:00', -1),
(176, 'git mergetool', '2013-07-17 16:49:17', '2013-07-17 16:49:17', -1),
(177, 'От чего зависит рост сисек?', '2013-07-17 18:04:54', '2013-07-17 18:04:54', -1),
(178, 'Человек-молекула.', '2013-07-17 18:05:08', '2013-07-17 18:05:08', -1),
(179, 'wmz - z186373131166\r\nwbu - u228863748342', '2013-07-17 18:06:09', '2013-07-17 18:06:09', -1),
(180, 'Сериал "Отбросы".', '2013-07-17 18:06:22', '2013-07-17 18:06:22', -1),
(181, 'НЛП.', '2013-07-17 18:06:29', '2013-07-17 18:06:29', -1),
(182, 'Прога для считывания QR-кода камерой на компе.', '2013-07-17 18:06:55', '2013-07-17 18:06:55', -1),
(183, 'Фильм "Хатико".', '2013-07-17 18:07:06', '2013-07-17 18:07:30', -1),
(184, 'Фильм "7 психопатов".', '2013-07-17 18:07:23', '2013-07-17 18:07:23', -1),
(185, 'Заклеить часы.', '2013-07-17 18:07:40', '2013-07-17 18:07:40', -1),
(186, 'Маршрутчик от бога.', '2013-07-17 18:07:52', '2013-07-17 18:07:52', -1),
(187, 'Левой рукой только выставляю расстояние.', '2013-07-17 18:08:12', '2013-07-17 18:08:12', -1),
(188, 'Что нужно, чтобы усваивался кальций?', '2013-07-17 18:08:31', '2013-07-17 18:08:31', -1),
(189, 'Школоблоггеры.', '2013-07-17 18:08:46', '2013-07-17 18:08:46', -1),
(190, 'Слово профсоюз.', '2013-07-17 18:08:57', '2013-07-17 18:08:57', -1),
(191, 'Документация по гидратору.', '2013-07-17 18:09:20', '2013-07-17 18:09:20', -1),
(192, '"Асирис Нуна" - смотрели фильм с Алисой.', '2013-07-17 18:11:11', '2013-07-17 18:11:11', -1),
(193, '"Унесенные призраками"', '2013-07-17 18:11:25', '2013-07-17 18:11:25', -1),
(194, 'MIB3, Белоснежка и месть гномов, сериал "Братья Гримм"', '2013-07-17 18:12:04', '2013-07-17 18:12:04', -1),
(195, '"Неуловимые мстители"', '2013-07-17 18:12:23', '2013-07-17 18:12:23', -1),
(196, 'Трёха + пивот в обратку.', '2013-07-17 18:12:37', '2013-07-17 18:12:37', -1),
(197, 'anatoliy.bondar.64\r\nAnatoliy Bondar', '2013-07-17 18:12:59', '2013-07-17 18:12:59', -1),
(198, 'Том Уэйтс', '2013-07-17 18:13:29', '2013-07-17 18:13:29', -1),
(199, 'Был такой пацан - Слоник. Мы ещё много шутили, что он учит только 180.', '2013-07-17 18:16:09', '2013-07-17 18:16:09', -1),
(200, 'ZX - "Шелковый червь"', '2013-07-17 18:16:26', '2013-07-17 18:16:26', -1),
(201, 'Борис Заходер', '2013-07-17 18:16:36', '2013-07-17 18:16:36', -1),
(202, 'Battle Toads - все части.\r\nкОнтра\r\nСоник\r\nМорталКомбат 3Ultimate\r\nRoadRash 3', '2013-07-17 18:17:22', '2013-07-17 18:17:22', -1),
(203, 'ПГТУ - Денисова маленькая', '2013-07-17 18:17:38', '2013-07-17 18:17:38', -1),
(204, 'Земфира\r\nACDC\r\nДепрессия\r\n" - И на рассвете вперед уходит рота солдат..."\r\nХаус MD - s5e10 музыка в конце.\r\nМайкл Джексон\r\nMoby', '2013-07-17 18:17:57', '2013-07-17 18:19:40', -1),
(205, 'Пополоскать рот.', '2013-07-17 18:19:53', '2013-07-17 18:19:53', -1),
(206, 'Фильм "Игла".', '2013-07-17 18:20:10', '2013-07-17 18:20:10', -1),
(207, 'The Vines - Don''t Listen - музыка для тура.', '2013-07-17 18:20:34', '2013-07-17 18:20:34', -1),
(208, 'Скинуть смс с телефонов - моего и Алисы.', '2013-07-17 18:20:56', '2013-07-17 18:20:56', -1),
(209, 'Очень классный чай с Алисой 28.08.2011 вс даже стоя.', '2013-07-17 18:21:32', '2013-07-17 18:21:32', -1),
(210, 'Полоскать рот ромашкой!!!', '2013-07-17 18:24:30', '2013-07-17 18:24:30', -1),
(211, 'Турник - и Алиса тоже.', '2013-07-17 18:24:48', '2013-07-17 18:24:48', -1),
(212, 'Заюзать твиттер.', '2013-07-17 18:25:01', '2013-07-17 18:25:01', -1),
(213, 'Фильм "Силиконовая долина".', '2013-07-17 18:25:21', '2013-07-17 18:25:21', -1),
(214, 'Каста - наши люди, поднимите руки, если вы слышите эти звуки\r\nAjapai - Brain', '2013-07-17 18:26:03', '2013-07-17 18:26:03', -1),
(215, 'Расчехлить "квадраты" со всеми доступами.', '2013-07-17 18:26:26', '2013-07-17 18:26:26', -1),
(216, 'Никого не жалко, никого...\r\nКазаностра\r\nне братва', '2013-07-17 18:26:54', '2013-07-17 18:26:54', -1),
(217, 'Камтазия студия', '2013-07-17 18:27:06', '2013-07-17 18:27:06', -1),
(218, 'Владу - OK GO про собак.', '2013-07-17 18:27:22', '2013-07-17 18:27:22', -1),
(219, 'не шукай мене, бо я, бо я на мори!', '2013-07-17 18:27:45', '2013-07-17 18:27:45', -1),
(220, 'gens - для сеги. fceux - для Денди.', '2013-07-17 18:28:10', '2013-07-17 18:28:10', -1),
(221, 'Песня из Томб Райдер.', '2013-07-17 18:28:23', '2013-07-17 18:28:23', -1),
(222, 'Цой - тексты напамять. Соотв. добавить сюда подзадачи.', '2013-07-17 18:28:41', '2013-07-17 18:28:54', -1),
(223, 'Раздобыть кучу стопина. Только проверить срок годности.', '2013-07-17 18:29:22', '2013-07-17 18:29:22', -1),
(224, 'Шлем для скейтборда.', '2013-07-17 18:30:33', '2013-07-17 18:30:33', -1),
(225, 'Хаус s8e19 - в конце видео с Уилсоном.', '2013-07-17 18:31:13', '2013-07-17 18:31:13', -1),
(226, 'вижу отражение твоего лица...\r\nты далеко от меня', '2013-07-17 18:31:36', '2013-07-17 18:31:36', -1),
(227, 'facebook.com/nike', '2013-07-17 18:31:50', '2013-07-17 18:31:50', -1),
(228, 'Стукнуть Жеку за фавикон - у него в закладках.', '2013-07-17 18:32:14', '2013-07-17 18:32:14', -1),
(229, 'Музыка audacity', '2013-07-17 18:32:46', '2013-07-17 18:32:46', -1),
(230, '3112-city - пароль Влада марсити', '2013-07-17 18:33:06', '2013-07-17 18:33:06', -1),
(231, 'добавить в need - красивые значки ключевым папкам и/или нормальная структура.', '2013-07-17 18:33:56', '2013-07-17 18:33:56', -1),
(232, 'Постирать Лошадку.', '2013-07-17 18:34:27', '2013-07-17 18:34:27', -1),
(233, 'Потягивать ножки каждый день.', '2013-07-17 18:35:16', '2013-07-17 18:35:16', -1),
(344, 'А ещё потягивать ручки каждый день!', '2013-07-17 18:35:16', '2013-07-17 18:35:16', -1),
(234, 'Ложиться раньше спать - добавить в постоянные задачи.', '2013-07-17 18:37:52', '2013-07-17 18:37:52', -1),
(235, 'Перевод "What u waiting 4"', '2013-07-17 18:38:10', '2013-07-17 18:38:10', -1),
(236, 'А интересный вопрос. Папа ведь тоже меня грузит, скажем, насчет порядка в каомнате и обижается, когда я не делаю. Прям, как я с Алисой. Посему вопрос - как правильно объяснять? Как разжевать и четко поставить задачу с учетом всех переменных?', '2013-07-17 18:40:09', '2013-07-17 18:40:09', -1),
(237, 'Временно заморозить старую админку, разрабатывать на Zend\r\n2011.06.09', '2013-07-17 18:40:48', '2013-07-17 18:40:48', -1),
(238, 'Научиться делать шувит задней ногой.', '2013-07-17 18:41:10', '2013-07-17 18:41:10', -1),
(239, 'Rammstein - 24/91', '2013-07-17 18:41:52', '2013-07-17 18:41:52', -1),
(240, 'Купить пинцет.', '2013-07-17 18:42:19', '2013-07-17 18:42:19', -1),
(241, 'Наушники с дужкой за голову - спонсор.', '2013-07-17 18:42:36', '2013-07-17 18:42:36', -1),
(242, 'Тесак - 10 точек контроля.', '2013-07-17 18:42:50', '2013-07-17 18:42:50', -1),
(243, 'Алиса - турник, рост.', '2013-07-17 18:43:02', '2013-07-17 18:43:02', -1),
(244, 'Ксения Хромова?', '2013-07-17 18:43:21', '2013-07-17 18:43:21', -1),
(245, 'Слово менталитет.', '2013-07-17 18:43:34', '2013-07-17 18:43:34', -1),
(246, 'Алиса написала про бутылочку, что бы я не плакал. Другие просто забили бы.', '2013-07-17 18:44:07', '2013-07-17 18:44:07', -1),
(247, 'Утром и вечером пить кефир.', '2013-07-17 18:44:24', '2013-07-17 18:44:24', -1),
(248, '2011.10.31 в 12:46:50 Алиса попросила в аське:\r\nТоля, не потеряй меня, не потеряй НАС', '2013-07-17 18:45:20', '2013-07-17 18:45:20', -1),
(249, 'Рассказать Алискиной мамке про то, как Алиса не хотела забирать бабло, потому что их пожалела обоих (не хотела оставлять одних). Но это не окупилось, значит теперь при расставании никаких угрызений совести.', '2013-07-17 18:46:24', '2013-07-17 18:46:59', -1),
(250, 'Песня про души - наизусть.', '2013-07-17 18:47:18', '2013-07-17 18:47:18', -1),
(251, 'Счет WebMoney.\r\nСчет VISA.', '2013-07-17 18:47:44', '2013-07-17 18:47:44', -1),
(252, 'Снимать и тру-стрит - на ходу среди прохожих на скорости.', '2013-07-17 18:48:14', '2013-07-17 18:48:14', -1),
(253, 'Bassnectar - профайл.', '2013-07-17 18:48:28', '2013-07-17 18:48:28', -1),
(254, 'Инъекция, конъюнкция, дизъюнкция. Идеальная хеш-функция (для хеш таблиц) - без коллизий.', '2013-07-17 18:50:42', '2013-07-17 18:50:42', -1),
(255, 'Скотч и изолента.', '2013-07-17 18:51:01', '2013-07-17 18:51:01', -1),
(256, 'vse10\r\nlingvoleo', '2013-07-17 18:51:16', '2013-07-17 18:51:16', -1),
(257, 'Алиса - насри сейчас на все и представь, что скоро будем стоять..., хотя раньше и предположить не могли. Свой Рай, только настоящий.', '2013-07-17 18:51:53', '2013-07-17 18:52:08', -1),
(258, 'OPS.IN.UA', '2013-07-17 18:52:24', '2013-07-17 18:52:24', -1),
(259, 'Антимульт\r\nАтомный лес\r\nПоллитровая мышь', '2013-07-17 18:52:43', '2013-07-17 18:52:43', -1),
(260, 'У меня на bookzone есть скидка.', '2013-07-17 18:53:01', '2013-07-17 18:53:01', -1),
(261, 'белье x7 мазафака!!!', '2013-07-17 18:53:22', '2013-07-17 18:53:22', -1),
(262, 'Тянуть кикфлип за нос!', '2013-07-17 18:54:37', '2013-07-17 18:54:37', -1),
(263, '2 girls 1 cup full', '2013-07-17 18:55:14', '2013-07-17 18:55:14', -1),
(264, 'bidla.net темы.', '2013-07-17 18:55:27', '2013-07-17 18:55:27', -1),
(265, 'shut your mouth - перевод.', '2013-07-17 18:55:44', '2013-07-17 18:55:44', -1),
(266, 'Купить узкогубцы.', '2013-07-17 18:55:59', '2013-07-17 18:55:59', -1),
(267, 'Жрать гематоген!!!', '2013-07-17 18:56:17', '2013-07-17 18:56:17', -1),
(268, 'Паттерн композит - например для меню.', '2013-07-17 19:36:25', '2013-07-17 19:36:25', -1),
(269, 'LDAP?', '2013-07-17 19:36:35', '2013-07-17 19:36:35', -1),
(270, 'веб дав - протокол, по которому работает Яндекс.Диск.', '2013-07-17 19:37:11', '2013-07-17 19:37:11', -1),
(271, 'MyIsam vs InnoDb', '2013-07-17 19:37:35', '2013-07-17 19:37:35', -1),
(272, 'Пре коммит хук для запуска тестов или cs fixer', '2013-07-17 19:38:07', '2013-07-17 19:38:07', -1),
(273, 'Later - Soft', '2013-07-17 19:38:40', '2013-07-17 19:38:48', -1),
(274, 'mocp', '2013-07-17 19:39:01', '2013-07-17 19:39:01', -1),
(275, 'finch - консольный pidgin', '2013-07-17 19:54:43', '2013-07-17 19:54:43', -1),
(276, 'xrandr\r\nxgamma\r\nmocp', '2013-07-17 19:54:57', '2013-07-17 19:54:57', -1),
(277, 'kdevelop', '2013-07-17 19:55:06', '2013-07-17 19:55:06', -1),
(278, 'апплет для отображения загрузки сети', '2013-07-17 19:55:27', '2013-07-17 19:55:27', -1),
(279, 'netbeans\r\nkrusader\r\nLAMP\r\ngit', '2013-07-17 19:55:55', '2013-07-17 19:55:55', -1),
(280, 'xbindkeys', '2013-07-17 19:56:05', '2013-07-17 19:56:05', -1),
(281, 'mikogo - прога на арче', '2013-07-17 19:56:23', '2013-07-17 19:56:23', -1),
(282, 'gource - для git', '2013-07-17 19:56:35', '2013-07-17 19:56:35', -1),
(283, 'Спорт на android:\r\nUEFA.com\r\nSmartAlarmClock\r\nAdidas miCoach\r\nEndomondo Sports\r\nTracker', '2013-07-17 19:57:24', '2013-07-17 19:57:24', -1),
(284, 'libreoffice', '2013-07-17 19:57:34', '2013-07-17 19:57:34', -1),
(285, 'guifications for pidgin', '2013-07-17 19:57:49', '2013-07-17 19:57:49', -1),
(286, 'clip2net', '2013-07-17 19:57:58', '2013-07-17 19:57:58', -1),
(287, 'smb4k', '2013-07-17 19:58:14', '2013-07-17 19:58:14', -1),
(288, 'vimdiff', '2013-07-17 20:00:27', '2013-07-17 20:00:27', -1),
(289, 'gloobus - открыть psd под linux', '2013-07-17 20:00:58', '2013-07-17 20:00:58', -1),
(290, 'ColorZilla под Firefox', '2013-07-17 20:01:18', '2013-07-17 20:01:18', -1),
(291, 'MeasureIT - экранная линейка', '2013-07-17 20:01:46', '2013-07-17 20:01:46', -1),
(292, 'bash-completions', '2013-07-17 20:02:00', '2013-07-17 20:02:00', -1),
(293, 'изучать vim', '2013-07-17 20:03:46', '2013-07-17 20:03:58', -1),
(294, 'найти и заменить', '2013-07-17 20:04:11', '2013-07-17 20:04:11', -1),
(295, 'копировать', '2013-07-17 20:04:16', '2013-07-17 20:04:16', -1),
(296, 'MySQL Workbench', '2013-07-17 20:34:07', '2013-07-17 20:34:07', -1),
(297, 'MyTop - top для MySql', '2013-07-17 20:34:25', '2013-07-17 20:34:25', -1),
(298, 'Самая простая мысль - оптимизировать самую посещаемую страницу. А искать таковую можно с помощью GoogleAnalytics и т.п.', '2013-07-17 20:35:29', '2013-07-17 20:35:29', -1),
(299, 'Как динамически подключать jquery к странице?', '2013-07-17 20:35:51', '2013-07-17 20:35:51', -1),
(300, 'js + canvas', '2013-07-17 20:36:05', '2013-07-17 20:36:05', -1),
(301, 'curl\r\nкурлом можно подделывать заголовки.', '2013-07-17 20:36:26', '2013-07-17 20:36:26', -1),
(302, 'restfull', '2013-07-17 20:36:43', '2013-07-17 20:36:43', -1),
(303, 'обязательно ставить div clear both после блоков, где выводится текст, заполняемый пользователями, особенно, если он не эскейпится - чтобы не поехала верстка.', '2013-07-17 20:37:48', '2013-07-17 20:37:48', -1),
(304, 'MySQL Browser и MySQL Admin - лучше учить их, а не phpMyAdmin. А есть ли под windows?', '2013-07-17 20:38:25', '2013-07-17 20:38:41', -1),
(305, 'mysql в консоли - повторять периодически. Особенно команды дампа и применения дампов. и из архивов.', '2013-07-17 20:39:37', '2013-07-17 20:39:37', -1),
(306, 'Библиотека jquery плагинов и разных фишечек.', '2013-07-17 20:40:31', '2013-07-17 20:40:31', -1),
(307, 'При выборе хостинга имеет смысл глянуть, например, как идет закачка через FileZilla - поддерживается закачка в несколько потоков.', '2013-07-17 21:50:06', '2013-07-17 21:50:06', -1),
(308, 'jquery.easing.', '2013-07-17 21:50:21', '2013-07-17 21:50:21', -1),
(309, 'google.maps && google.search', '2013-07-17 21:50:37', '2013-07-17 21:50:37', -1),
(310, 'писать комменты в коде стихами.', '2013-07-17 21:50:58', '2013-07-17 21:50:58', -1),
(311, 'написать программулю на андроиде.', '2013-07-17 21:51:20', '2013-07-17 21:51:20', -1),
(312, 'По большому счету, надо создать разделы info типа linux и vim. Но для начала хотя бы кинуть Жекин справочник на читалку.', '2013-07-17 21:52:53', '2013-07-17 21:52:53', -1),
(313, 'Grease Monkey. Повторить. Поискать скрипт, который на джое переставляет колонку справа на лево. Вроде на виндовом файрфоксе стоит.', '2013-07-17 21:53:51', '2013-07-17 21:53:51', -1);
INSERT INTO `bnd_data` (`id`, `data`, `create_time`, `update_time`, `user_id`) VALUES
(314, 'При деплое сайта не забываю "менять с development на production", чтобы это ни значило. Т.е, сюда входит и ужимание скриптов до min.js, и упаковка *.php в *.phar, и т.п. Это тоже записать в раздел info "Что делать для каждого проекта".', '2013-07-17 21:55:50', '2013-07-17 21:55:50', -1),
(315, 'Редко кто-то читает справку и wiki. Поэтому пишем звучащие имена файлам и переменным.', '2013-07-17 21:56:56', '2013-07-17 21:56:56', -1),
(316, 'Работа со вложенными формами. На Yii и на Zend.', '2013-07-17 21:57:20', '2013-07-17 21:57:20', -1),
(317, 'Методика локализации проблемы prr(''asdf'');exit(); Рассказать Алисе.', '2013-07-17 21:58:00', '2013-07-17 21:58:00', -1),
(318, 'jquery и js require_once.', '2013-07-17 21:59:04', '2013-07-17 21:59:04', -1),
(319, 'vim - копировать, вставить, выделить, удалить выделение.', '2013-07-17 21:59:41', '2013-07-17 21:59:41', -1),
(320, 'rsync - Жека.', '2013-07-17 22:00:08', '2013-07-17 22:00:08', -1),
(321, 'Идея может оказаться говном, поэтому скорей хардкодим, чтобы попробовать в бою. А если выгорит, то тогда уже вкладываю душу и время.', '2013-07-17 22:00:58', '2013-07-17 22:00:58', -1),
(322, 'Как мокать в php?\r\n\r\nhttp://habrahabr.ru/post/140217/', '2013-07-17 22:01:11', '2013-07-17 22:02:03', -1),
(323, 'Что такое APC?', '2013-07-17 22:02:17', '2013-07-17 22:02:17', -1),
(324, 'Экспортировать файлы, картинки и diary в структуру папок. Вместо тегов, соответственно, ссылки.\r\nИ конечно же, это можно импортировать обратно.', '2013-07-17 22:05:06', '2013-07-17 22:06:07', -1),
(325, 'Добавить инфу о том, во-сколько работают все нужные мне магазины.', '2013-07-17 22:07:20', '2013-07-17 22:07:20', -1),
(326, 'Дополнение Lingualeo для Firefox - починить.', '2013-07-17 22:09:28', '2013-07-17 22:09:28', -1),
(327, 'Идеи для repository', '2013-07-18 10:07:48', '2013-07-18 10:07:48', -1),
(328, 'getItems или\r\n<pre>\r\ngetArticles(array(\r\n    ''sql'' => array(\r\n        ''where'' => ''1'',\r\n        ''order'' => ''id ASC'',\r\n    ),\r\n    ''order'' => array(\r\n        ''colName'' => ''stat'',\r\n        ''direction'' => ''ASC'',\r\n    ),\r\n));\r\n</pre>', '2013-07-18 10:11:53', '2013-07-18 10:11:53', -1),
(329, 'репозиторий эффективен, только если все знают, что уже реализовано. нужен ридми или вики.', '2013-07-18 10:14:41', '2013-07-18 10:14:41', -1),
(330, 'Обмен опытом, вечерние посиделки. Усиление имеющихся, а не найм новых экономит квадраты и время на обучение.', '2013-07-18 10:16:19', '2013-07-18 10:16:19', -1),
(331, 'Не забываем пример с basket, когда мне кроме id, amount и price понадобилось добавить color_id. Пришлось добавлять в куче мест. Надо сократить количество таких точек и сделать ОЧЕВИДНЫМ их нахождение.', '2013-07-18 10:57:05', '2013-07-18 10:57:05', -1),
(332, 'Предупреждать, когда что-то будет удалено. Даже изображение.', '2013-07-18 11:08:10', '2013-07-18 11:08:10', -1),
(333, 'Аяксовая валидация, типа "такой пользователь уже зарегистрирован"', '2013-07-18 11:08:43', '2013-07-18 11:08:43', -1),
(334, 'Пути не заканчиваются на /\r\nТ.о, путь hello.com/catalog/cat/1/sect/1/mega-prod.html мы можем разбить на части\r\nhello.com\r\n/catalog\r\n/cat/1\r\n/sect/1\r\n/mega-prod.html\r\nно не\r\nhello.com/\r\ncatalog/\r\ncat/1/\r\nsect/1/\r\nmega-prod.html', '2013-07-18 11:10:47', '2013-07-18 11:10:47', -1),
(335, 'Актуально для Zend 1 - в ErrorController\r\n$this->getResponce()->clearBody(); чтобы не выводился прочий стафф, кроме ошибки.', '2013-07-18 11:12:09', '2013-07-18 11:12:09', -1),
(336, 'Помним про корзину - сколько аспектов может быть!\r\n1) скидка для товаров в сете\r\n2) при первой покупке\r\n3) при наборе определенной суммы сейчас или раньше\r\n4) скидки могут суммироваться, а может выбираться максимальная или Ктулху знает еще как\r\n\r\nДумаю, правильно создавать отдельно DiscountModel с передачей ему объектов корзины и юзера. А там черный ящик и фасад getTotalDiscount и getProductDiscount(\\Product $product)', '2013-07-18 11:15:53', '2013-07-18 11:15:53', -1),
(337, 'Zend_Log_Writer_Firebug\r\nZend_Db_Profiler_Firebug', '2013-07-18 11:16:23', '2013-07-18 11:16:23', -1),
(338, 'firephp - есть расширение для Zend Framework', '2013-07-18 11:17:02', '2013-07-18 11:17:02', -1),
(339, 'Заполнять проект контентом, чтобы было проще тестировать. Например пагинацию.', '2013-07-18 11:17:46', '2013-07-18 11:17:46', -1),
(340, '"Раздел пока не заполнен", "Здесь ещё никто не писал" и т.д.', '2013-07-18 11:18:18', '2013-07-18 11:18:18', -1),
(341, 'ЧПУ.', '2013-07-18 11:18:29', '2013-07-18 11:18:29', -1),
(342, 'если на письмо, отправленное с сайта, никто не должен отвечать, то добавляем no-reply', '2013-07-18 11:19:10', '2013-07-18 11:19:10', -1),
(343, 'Ни хуя себе черти мочат. Прям рядом в одессе рассуждают на такие темы.\r\nhttp://habrahabr.ru/post/187310/\r\n\r\n"ConceptNet — семантическая <b>нейро</b>-сеть"\r\n\r\n\r\nХм, наверное я что-то пропустил?\r\n\r\nОбычная онтология, поверх WodNet, по объему насколько я понимаю сильно поменьше CYC (которому 30 лет скоро как). При том что CYC почти с самого начала понимал нормальный английский язык и решал задачки посложнее Watson''овских. И попрактичнее — сейчас он например ведет онтологию по террористам для соответствующих служб.\r\n\r\nХотя конечно ConceptNet неплоха, да, сейчас в одном проекте начинаем ее пользовать, хотя что-то мне подсказывает что откажемся.\r\nНо вот какое это имеет отношение к нейронным сетям?\r\n\r\nИ да, что я думаю о любых проектах в нарративе Semantic Web, я озвучивать не буду — по причине абсолютной нецензурности мыслей.\r\n:-)\r\nТак просрать все полимеры — надо было уметь.\r\nЕдинственное объяснение здесь — количество грантов, выделенных на тему.\r\nХотя я наверное изменю свое мнение если кто-то мне покажет реально работающую полную онтологию (Lite OWL не предлагать), хе-хе.', '2013-07-21 21:40:49', '2013-07-21 21:41:26', -1);

-- --------------------------------------------------------

--
-- Структура таблицы `bnd_inbox`
--

CREATE TABLE IF NOT EXISTS `bnd_inbox` (
  `id` int(11) NOT NULL AUTO_INCREMENT,
  `data_id` int(11) NOT NULL,
  `user_id` int(11) NOT NULL,
  `create_time` datetime NOT NULL,
  `update_time` datetime NOT NULL,
  PRIMARY KEY (`id`),
  UNIQUE KEY `id` (`id`),
  KEY `id_2` (`id`)
) ENGINE=InnoDB  DEFAULT CHARSET=utf8 AUTO_INCREMENT=5 ;

--
-- Дамп данных таблицы `bnd_inbox`
--

INSERT INTO `bnd_inbox` (`id`, `data_id`, `user_id`, `create_time`, `update_time`) VALUES
(1, 4, -1, '2013-06-11 20:48:14', '2013-06-11 20:48:14'),
(2, 5, -1, '2013-06-11 21:44:49', '2013-06-11 21:44:49'),
(3, 6, -1, '2013-06-24 15:19:18', '2013-06-24 15:19:18'),
(4, 34, -1, '2013-06-30 10:53:17', '2013-06-30 10:53:17');

-- --------------------------------------------------------

--
-- Структура таблицы `bnd_info`
--

CREATE TABLE IF NOT EXISTS `bnd_info` (
  `id` int(11) NOT NULL AUTO_INCREMENT,
  `data_id` int(11) NOT NULL DEFAULT '0',
  `info_id` int(11) NOT NULL DEFAULT '0',
  `user_id` int(11) NOT NULL DEFAULT '0',
  `progress` enum('new','in_progress','done') NOT NULL DEFAULT 'new',
  `todo_time` datetime NOT NULL,
  PRIMARY KEY (`id`),
  UNIQUE KEY `id` (`id`),
  KEY `id_2` (`id`)
) ENGINE=InnoDB  DEFAULT CHARSET=utf8 AUTO_INCREMENT=23 ;

--
-- Дамп данных таблицы `bnd_info`
--

INSERT INTO `bnd_info` (`id`, `data_id`, `info_id`, `user_id`, `progress`, `todo_time`) VALUES
(1, 7, 0, -1, 'done', '2013-06-24 15:39:14'),
(2, 10, 0, -1, 'done', '2013-06-24 15:40:29'),
(3, 11, 0, -1, 'new', '2013-06-24 15:41:02'),
(4, 12, 0, -1, 'new', '2013-06-24 23:04:03'),
(5, 13, 0, -1, 'done', '2013-06-24 23:05:10'),
(6, 14, 0, -1, 'new', '2013-06-24 23:07:43'),
(7, 15, 6, -1, 'done', '0000-00-00 00:00:00'),
(8, 15, 0, -1, 'new', '2013-06-28 13:05:53'),
(9, 20, 0, -1, 'new', '2013-06-28 13:13:34'),
(10, 21, 0, -1, 'done', '2013-06-28 13:15:09'),
(11, 22, 10, -1, 'done', '2013-06-28 13:16:03'),
(12, 23, 11, -1, 'done', '2013-06-28 13:31:17'),
(15, 26, 11, -1, 'done', '2013-06-28 14:36:24'),
(16, 27, 0, -1, 'new', '2013-06-28 14:40:01'),
(17, 28, 0, -1, 'done', '2013-06-28 15:11:28'),
(18, 29, 0, -1, 'new', '2013-06-28 15:11:46'),
(19, 30, 18, -1, 'done', '2013-06-28 15:24:23'),
(20, 31, 18, -1, 'done', '2013-06-28 15:24:36'),
(21, 32, 18, -1, 'done', '2013-06-28 15:34:36'),
(22, 41, 0, -1, 'new', '2013-06-30 23:28:19');

-- --------------------------------------------------------

--
-- Структура таблицы `bnd_tag`
--

CREATE TABLE IF NOT EXISTS `bnd_tag` (
  `id` int(11) NOT NULL AUTO_INCREMENT,
  `title` varchar(255) NOT NULL,
  `user_id` int(11) NOT NULL,
  PRIMARY KEY (`id`)
) ENGINE=InnoDB  DEFAULT CHARSET=utf8 AUTO_INCREMENT=4 ;

--
-- Дамп данных таблицы `bnd_tag`
--

INSERT INTO `bnd_tag` (`id`, `title`, `user_id`) VALUES
(1, 'just_tag', 0),
(2, 'another_tag', 0),
(3, 'not_involved_tag', 0);

-- --------------------------------------------------------

--
-- Структура таблицы `bnd_tag_data`
--

CREATE TABLE IF NOT EXISTS `bnd_tag_data` (
  `id` int(11) NOT NULL,
  `data_id` int(11) NOT NULL,
  `tag_id` int(11) NOT NULL,
  `user_id` int(11) NOT NULL
) ENGINE=InnoDB DEFAULT CHARSET=utf8;

-- --------------------------------------------------------

--
-- Структура таблицы `bnd_tag_preset`
--

CREATE TABLE IF NOT EXISTS `bnd_tag_preset` (
  `id` int(11) NOT NULL AUTO_INCREMENT,
  `tags_string` varchar(255) NOT NULL,
  `user_id` int(11) NOT NULL,
  PRIMARY KEY (`id`)
) ENGINE=InnoDB  DEFAULT CHARSET=utf8 AUTO_INCREMENT=3 ;

--
-- Дамп данных таблицы `bnd_tag_preset`
--

INSERT INTO `bnd_tag_preset` (`id`, `tags_string`, `user_id`) VALUES
(1, '', 0),
(2, '', 0);

-- --------------------------------------------------------

--
-- Структура таблицы `bnd_task`
--

CREATE TABLE IF NOT EXISTS `bnd_task` (
  `id` int(11) NOT NULL AUTO_INCREMENT,
  `data_id` int(11) NOT NULL DEFAULT '0',
  `task_id` int(11) NOT NULL DEFAULT '0',
  `user_id` int(11) NOT NULL DEFAULT '0',
  `progress` enum('new','in_progress','done') NOT NULL DEFAULT 'new',
  `todo_time` datetime NOT NULL,
  `priority` enum('urgent','normal','later') NOT NULL DEFAULT 'normal',
  PRIMARY KEY (`id`),
  UNIQUE KEY `id` (`id`),
  KEY `id_2` (`id`)
) ENGINE=InnoDB  DEFAULT CHARSET=utf8 AUTO_INCREMENT=331 ;

--
-- Дамп данных таблицы `bnd_task`
--

INSERT INTO `bnd_task` (`id`, `data_id`, `task_id`, `user_id`, `progress`, `todo_time`, `priority`) VALUES
(1, 7, 0, -1, 'done', '2013-06-24 15:39:14', 'normal'),
(2, 10, 0, -1, 'done', '2013-06-24 15:40:29', 'normal'),
(3, 11, 0, -1, 'done', '2013-06-24 15:41:02', 'normal'),
(4, 12, 0, -1, 'done', '2013-06-24 23:04:03', 'normal'),
(5, 13, 0, -1, 'done', '2013-06-24 23:05:10', 'normal'),
(6, 14, 0, -1, 'done', '2013-06-24 23:07:43', 'normal'),
(7, 15, 6, -1, 'done', '0000-00-00 00:00:00', 'normal'),
(8, 15, 0, -1, 'done', '2013-06-28 13:05:53', 'normal'),
(9, 20, 0, -1, 'done', '2013-06-28 13:13:34', 'normal'),
(10, 21, 0, -1, 'done', '2013-06-28 13:15:09', 'normal'),
(11, 22, 10, -1, 'done', '2013-06-28 13:16:03', 'normal'),
(12, 23, 11, -1, 'done', '2013-06-28 13:31:17', 'normal'),
(15, 26, 11, -1, 'done', '2013-06-28 14:36:24', 'normal'),
(16, 27, 0, -1, 'done', '2013-06-28 14:40:01', 'normal'),
(17, 28, 0, -1, 'done', '2013-06-28 15:11:28', 'normal'),
(18, 29, 0, -1, 'done', '2013-06-28 15:11:46', 'normal'),
(19, 30, 18, -1, 'done', '2013-06-28 15:24:23', 'normal'),
(20, 31, 18, -1, 'done', '2013-06-28 15:24:36', 'normal'),
(21, 32, 18, -1, 'done', '2013-06-28 15:34:36', 'urgent'),
(22, 33, 29, -1, 'new', '2013-06-28 18:26:03', 'later'),
(23, 35, 0, -1, 'new', '2013-06-30 10:53:47', 'normal'),
(24, 36, 23, -1, 'new', '2013-06-30 10:54:40', 'urgent'),
(25, 37, 0, -1, 'done', '2013-06-30 10:55:42', 'urgent'),
(26, 38, 29, -1, 'new', '2013-06-30 10:56:22', 'later'),
(27, 39, 23, -1, 'new', '2013-06-30 10:58:13', 'normal'),
(28, 40, 23, -1, 'new', '2013-06-30 11:00:45', 'normal'),
(29, 42, 0, -1, 'new', '2013-07-14 11:18:28', 'later'),
(30, 43, 0, -1, 'new', '2013-07-14 11:18:46', 'normal'),
(31, 44, 0, -1, 'new', '2013-07-14 11:18:57', 'urgent'),
(32, 45, 31, -1, 'new', '2013-07-14 11:19:26', 'urgent'),
(33, 46, 31, -1, 'new', '2013-07-14 11:19:45', 'urgent'),
(34, 47, 30, -1, 'new', '2013-07-14 11:24:06', 'normal'),
(35, 48, 0, -1, 'new', '2013-07-14 11:24:28', 'later'),
(36, 49, 35, -1, 'new', '2013-07-14 11:24:54', 'later'),
(37, 50, 35, -1, 'new', '2013-07-14 11:34:19', 'later'),
(38, 51, 29, -1, 'new', '2013-07-14 11:36:08', 'later'),
(39, 52, 0, -1, 'new', '2013-07-14 11:36:30', 'later'),
(40, 53, 39, -1, 'new', '2013-07-14 11:41:32', 'later'),
(41, 54, 39, -1, 'new', '2013-07-14 11:41:46', 'later'),
(42, 55, 29, -1, 'new', '2013-07-14 11:43:16', 'later'),
(43, 56, 29, -1, 'new', '2013-07-14 11:43:39', 'later'),
(44, 57, 29, -1, 'new', '2013-07-14 11:44:29', 'later'),
(45, 58, 39, -1, 'new', '2013-07-14 11:45:02', 'later'),
(46, 59, 29, -1, 'new', '2013-07-14 11:45:31', 'later'),
(47, 60, 29, -1, 'new', '2013-07-14 11:46:30', 'later'),
(48, 61, 29, -1, 'new', '2013-07-14 11:46:56', 'later'),
(49, 62, 29, -1, 'new', '2013-07-14 11:47:36', 'later'),
(50, 63, 29, -1, 'new', '2013-07-14 11:50:14', 'later'),
(51, 64, 31, -1, 'new', '2013-07-14 11:50:56', 'urgent'),
(52, 65, 23, -1, 'new', '2013-07-14 11:52:48', 'normal'),
(53, 66, 23, -1, 'new', '2013-07-14 11:53:44', 'normal'),
(54, 67, 29, -1, 'new', '2013-07-14 11:56:21', 'later'),
(55, 68, 35, -1, 'new', '2013-07-14 11:57:23', 'later'),
(56, 69, 23, -1, 'new', '2013-07-14 12:01:07', 'normal'),
(57, 70, 29, -1, 'new', '2013-07-14 12:02:23', 'later'),
(58, 71, 30, -1, 'new', '2013-07-14 12:03:26', 'normal'),
(59, 72, 29, -1, 'new', '2013-07-14 12:06:59', 'later'),
(60, 73, 30, -1, 'new', '2013-07-14 12:07:54', 'normal'),
(61, 74, 30, -1, 'new', '2013-07-14 12:09:26', 'normal'),
(62, 75, 29, -1, 'new', '2013-07-14 12:13:46', 'later'),
(63, 76, 31, -1, 'new', '2013-07-14 12:56:24', 'urgent'),
(64, 77, 31, -1, 'new', '2013-07-14 12:56:47', 'urgent'),
(65, 78, 23, -1, 'new', '2013-07-17 12:21:31', 'normal'),
(66, 79, 23, -1, 'new', '2013-07-17 13:08:24', 'normal'),
(67, 80, 23, -1, 'new', '2013-07-17 13:14:20', 'normal'),
(68, 81, 23, -1, 'new', '2013-07-17 13:16:31', 'normal'),
(69, 82, 23, -1, 'new', '2013-07-17 13:20:11', 'normal'),
(70, 83, 23, -1, 'new', '2013-07-17 13:23:03', 'normal'),
(71, 84, 31, -1, 'new', '2013-07-17 13:24:10', 'urgent'),
(72, 85, 29, -1, 'new', '2013-07-17 13:36:52', 'later'),
(73, 86, 29, -1, 'new', '2013-07-17 13:44:00', 'later'),
(74, 87, 29, -1, 'new', '2013-07-17 13:55:35', 'later'),
(75, 88, 31, -1, 'new', '2013-07-17 13:56:25', 'urgent'),
(76, 89, 29, -1, 'new', '2013-07-17 13:57:09', 'later'),
(77, 90, 29, -1, 'new', '2013-07-17 13:57:54', 'later'),
(78, 91, 23, -1, 'new', '2013-07-17 13:58:59', 'normal'),
(79, 92, 31, -1, 'new', '2013-07-17 14:12:47', 'urgent'),
(80, 93, 30, -1, 'new', '2013-07-17 14:19:36', 'normal'),
(81, 94, 30, -1, 'done', '2013-07-17 14:19:55', 'normal'),
(82, 95, 29, -1, 'new', '2013-07-17 14:26:51', 'later'),
(83, 96, 35, -1, 'new', '2013-07-17 14:28:40', 'later'),
(84, 97, 35, -1, 'new', '2013-07-17 14:29:00', 'later'),
(85, 98, 35, -1, 'new', '2013-07-17 14:29:37', 'later'),
(86, 99, 35, -1, 'new', '2013-07-17 14:29:57', 'later'),
(87, 100, 35, -1, 'new', '2013-07-17 14:30:17', 'later'),
(88, 101, 35, -1, 'new', '2013-07-17 14:32:06', 'later'),
(89, 102, 35, -1, 'new', '2013-07-17 14:32:43', 'later'),
(90, 103, 35, -1, 'new', '2013-07-17 14:32:58', 'later'),
(91, 104, 35, -1, 'new', '2013-07-17 14:33:48', 'later'),
(92, 105, 35, -1, 'new', '2013-07-17 15:07:04', 'later'),
(93, 106, 35, -1, 'new', '2013-07-17 15:07:36', 'later'),
(94, 107, 35, -1, 'new', '2013-07-17 15:08:03', 'later'),
(95, 108, 35, -1, 'new', '2013-07-17 15:08:37', 'later'),
(96, 109, 31, -1, 'new', '2013-07-17 15:09:00', 'urgent'),
(97, 110, 30, -1, 'new', '2013-07-17 15:09:16', 'normal'),
(98, 111, 35, -1, 'new', '2013-07-17 15:10:03', 'later'),
(99, 112, 30, -1, 'new', '2013-07-17 15:14:39', 'normal'),
(100, 113, 35, -1, 'new', '2013-07-17 15:14:59', 'later'),
(101, 114, 31, -1, 'new', '2013-07-17 15:16:07', 'urgent'),
(102, 115, 39, -1, 'new', '2013-07-17 15:16:30', 'later'),
(103, 116, 29, -1, 'new', '2013-07-17 15:17:11', 'later'),
(104, 117, 29, -1, 'new', '2013-07-17 15:19:12', 'later'),
(105, 118, 0, -1, 'new', '2013-07-17 15:20:26', 'later'),
(106, 119, 105, -1, 'new', '2013-07-17 15:20:49', 'later'),
(107, 120, 106, -1, 'new', '2013-07-17 15:22:00', 'later'),
(108, 121, 106, -1, 'new', '2013-07-17 15:22:14', 'later'),
(109, 122, 106, -1, 'new', '2013-07-17 15:22:46', 'later'),
(110, 123, 106, -1, 'new', '2013-07-17 15:23:12', 'later'),
(111, 124, 106, -1, 'new', '2013-07-17 15:23:45', 'later'),
(112, 125, 106, -1, 'new', '2013-07-17 15:24:08', 'later'),
(113, 126, 105, -1, 'new', '2013-07-17 15:24:34', 'later'),
(114, 127, 113, -1, 'new', '2013-07-17 15:25:05', 'later'),
(115, 128, 113, -1, 'new', '2013-07-17 15:27:16', 'later'),
(116, 129, 113, -1, 'new', '2013-07-17 15:28:32', 'later'),
(117, 130, 113, -1, 'new', '2013-07-17 15:29:14', 'later'),
(118, 131, 113, -1, 'new', '2013-07-17 15:30:37', 'later'),
(119, 132, 113, -1, 'new', '2013-07-17 15:30:49', 'later'),
(120, 133, 113, -1, 'new', '2013-07-17 15:31:31', 'later'),
(121, 134, 113, -1, 'new', '2013-07-17 15:32:03', 'later'),
(122, 135, 113, -1, 'new', '2013-07-17 15:32:58', 'later'),
(123, 136, 113, -1, 'new', '2013-07-17 15:33:54', 'later'),
(124, 137, 113, -1, 'new', '2013-07-17 15:34:05', 'later'),
(125, 138, 113, -1, 'new', '2013-07-17 15:34:54', 'later'),
(126, 139, 113, -1, 'new', '2013-07-17 15:35:44', 'later'),
(127, 140, 35, -1, 'new', '2013-07-17 15:37:14', 'later'),
(128, 141, 35, -1, 'new', '2013-07-17 15:37:41', 'later'),
(129, 142, 35, -1, 'new', '2013-07-17 15:38:04', 'later'),
(130, 143, 35, -1, 'new', '2013-07-17 15:38:26', 'later'),
(131, 144, 35, -1, 'new', '2013-07-17 15:39:59', 'later'),
(132, 145, 35, -1, 'new', '2013-07-17 15:41:00', 'later'),
(133, 146, 35, -1, 'new', '2013-07-17 15:41:28', 'later'),
(134, 147, 35, -1, 'new', '2013-07-17 15:42:40', 'later'),
(135, 148, 35, -1, 'new', '2013-07-17 15:42:50', 'later'),
(136, 149, 35, -1, 'new', '2013-07-17 15:43:08', 'later'),
(137, 150, 35, -1, 'new', '2013-07-17 15:43:27', 'later'),
(138, 151, 35, -1, 'new', '2013-07-17 15:44:00', 'later'),
(139, 152, 35, -1, 'new', '2013-07-17 15:44:24', 'later'),
(140, 153, 35, -1, 'new', '2013-07-17 15:44:38', 'later'),
(141, 154, 35, -1, 'new', '2013-07-17 15:45:05', 'later'),
(142, 155, 35, -1, 'new', '2013-07-17 15:45:36', 'later'),
(143, 156, 23, -1, 'new', '2013-07-17 15:46:11', 'normal'),
(144, 157, 35, -1, 'new', '2013-07-17 15:46:53', 'later'),
(145, 158, 35, -1, 'new', '2013-07-17 15:48:01', 'later'),
(146, 159, 39, -1, 'new', '2013-07-17 15:48:14', 'later'),
(147, 160, 35, -1, 'new', '2013-07-17 16:36:28', 'later'),
(148, 161, 29, -1, 'new', '2013-07-17 16:37:11', 'later'),
(149, 162, 29, -1, 'new', '2013-07-17 16:37:28', 'later'),
(150, 163, 29, -1, 'new', '2013-07-17 16:38:46', 'later'),
(151, 164, 35, -1, 'new', '2013-07-17 16:40:04', 'later'),
(152, 165, 31, -1, 'new', '2013-07-17 16:40:33', 'urgent'),
(153, 166, 23, -1, 'new', '2013-07-17 16:41:42', 'normal'),
(154, 167, 105, -1, 'new', '2013-07-17 16:42:46', 'later'),
(155, 168, 29, -1, 'new', '2013-07-17 16:43:17', 'later'),
(156, 169, 29, -1, 'new', '2013-07-17 16:43:42', 'later'),
(157, 170, 29, -1, 'new', '2013-07-17 16:44:35', 'later'),
(158, 171, 29, -1, 'new', '2013-07-17 16:44:58', 'later'),
(159, 172, 23, -1, 'new', '2013-07-17 16:45:46', 'normal'),
(160, 173, 29, -1, 'new', '2013-07-17 16:46:19', 'later'),
(161, 174, 29, -1, 'new', '2013-07-17 16:48:22', 'later'),
(162, 175, 29, -1, 'new', '2013-07-17 16:49:00', 'later'),
(163, 176, 29, -1, 'new', '2013-07-17 16:49:18', 'later'),
(164, 177, 29, -1, 'new', '2013-07-17 18:04:54', 'later'),
(165, 178, 29, -1, 'new', '2013-07-17 18:05:08', 'later'),
(166, 179, 29, -1, 'new', '2013-07-17 18:06:09', 'later'),
(167, 180, 29, -1, 'new', '2013-07-17 18:06:22', 'later'),
(168, 181, 29, -1, 'new', '2013-07-17 18:06:29', 'later'),
(169, 182, 29, -1, 'new', '2013-07-17 18:06:55', 'later'),
(170, 183, 29, -1, 'new', '2013-07-17 18:07:06', 'later'),
(171, 184, 29, -1, 'new', '2013-07-17 18:07:23', 'later'),
(172, 185, 29, -1, 'new', '2013-07-17 18:07:40', 'later'),
(173, 186, 29, -1, 'new', '2013-07-17 18:07:52', 'later'),
(174, 187, 29, -1, 'new', '2013-07-17 18:08:12', 'later'),
(175, 188, 29, -1, 'new', '2013-07-17 18:08:31', 'later'),
(176, 189, 29, -1, 'new', '2013-07-17 18:08:46', 'later'),
(177, 190, 29, -1, 'new', '2013-07-17 18:08:58', 'later'),
(178, 191, 29, -1, 'new', '2013-07-17 18:09:20', 'later'),
(179, 192, 29, -1, 'new', '2013-07-17 18:11:11', 'later'),
(180, 193, 29, -1, 'new', '2013-07-17 18:11:25', 'later'),
(181, 194, 29, -1, 'new', '2013-07-17 18:12:04', 'later'),
(182, 195, 29, -1, 'new', '2013-07-17 18:12:23', 'later'),
(183, 196, 29, -1, 'new', '2013-07-17 18:12:37', 'later'),
(184, 197, 29, -1, 'new', '2013-07-17 18:12:59', 'later'),
(185, 198, 29, -1, 'new', '2013-07-17 18:13:29', 'later'),
(186, 199, 29, -1, 'new', '2013-07-17 18:16:09', 'later'),
(187, 200, 29, -1, 'new', '2013-07-17 18:16:26', 'later'),
(188, 201, 29, -1, 'new', '2013-07-17 18:16:36', 'later'),
(189, 202, 29, -1, 'new', '2013-07-17 18:17:22', 'later'),
(190, 203, 29, -1, 'new', '2013-07-17 18:17:38', 'later'),
(191, 204, 29, -1, 'new', '2013-07-17 18:17:57', 'later'),
(192, 205, 29, -1, 'new', '2013-07-17 18:19:53', 'later'),
(193, 206, 29, -1, 'new', '2013-07-17 18:20:10', 'later'),
(194, 207, 29, -1, 'new', '2013-07-17 18:20:34', 'later'),
(195, 208, 29, -1, 'new', '2013-07-17 18:20:56', 'later'),
(196, 209, 29, -1, 'new', '2013-07-17 18:21:32', 'later'),
(197, 210, 29, -1, 'new', '2013-07-17 18:24:30', 'later'),
(198, 211, 29, -1, 'new', '2013-07-17 18:24:48', 'later'),
(199, 212, 29, -1, 'new', '2013-07-17 18:25:01', 'later'),
(200, 213, 29, -1, 'new', '2013-07-17 18:25:21', 'later'),
(201, 214, 29, -1, 'new', '2013-07-17 18:26:03', 'later'),
(202, 215, 29, -1, 'new', '2013-07-17 18:26:26', 'later'),
(203, 216, 29, -1, 'new', '2013-07-17 18:26:54', 'later'),
(204, 217, 29, -1, 'new', '2013-07-17 18:27:06', 'later'),
(205, 218, 29, -1, 'new', '2013-07-17 18:27:23', 'later'),
(206, 219, 29, -1, 'new', '2013-07-17 18:27:45', 'later'),
(207, 220, 29, -1, 'new', '2013-07-17 18:28:10', 'later'),
(208, 221, 29, -1, 'new', '2013-07-17 18:28:23', 'later'),
(209, 222, 29, -1, 'new', '2013-07-17 18:28:41', 'later'),
(210, 223, 29, -1, 'new', '2013-07-17 18:29:22', 'later'),
(211, 224, 29, -1, 'new', '2013-07-17 18:30:33', 'later'),
(212, 225, 29, -1, 'new', '2013-07-17 18:31:13', 'later'),
(213, 226, 29, -1, 'new', '2013-07-17 18:31:36', 'later'),
(214, 227, 29, -1, 'new', '2013-07-17 18:31:50', 'later'),
(215, 228, 29, -1, 'new', '2013-07-17 18:32:14', 'later'),
(216, 229, 29, -1, 'new', '2013-07-17 18:32:46', 'later'),
(217, 230, 29, -1, 'new', '2013-07-17 18:33:06', 'later'),
(218, 231, 29, -1, 'new', '2013-07-17 18:33:56', 'later'),
(219, 232, 29, -1, 'new', '2013-07-17 18:34:27', 'later'),
(220, 233, 29, -1, 'new', '2013-07-17 18:35:16', 'later'),
(221, 234, 29, -1, 'new', '2013-07-17 18:37:52', 'later'),
(222, 235, 29, -1, 'new', '2013-07-17 18:38:10', 'later'),
(223, 236, 29, -1, 'new', '2013-07-17 18:40:09', 'later'),
(224, 237, 29, -1, 'new', '2013-07-17 18:40:48', 'later'),
(225, 238, 29, -1, 'new', '2013-07-17 18:41:10', 'later'),
(226, 239, 29, -1, 'new', '2013-07-17 18:41:52', 'later'),
(227, 240, 29, -1, 'new', '2013-07-17 18:42:19', 'later'),
(228, 241, 29, -1, 'new', '2013-07-17 18:42:36', 'later'),
(229, 242, 29, -1, 'new', '2013-07-17 18:42:50', 'later'),
(230, 243, 29, -1, 'new', '2013-07-17 18:43:02', 'later'),
(231, 244, 29, -1, 'new', '2013-07-17 18:43:21', 'later'),
(232, 245, 29, -1, 'new', '2013-07-17 18:43:34', 'later'),
(233, 246, 29, -1, 'new', '2013-07-17 18:44:07', 'later'),
(234, 247, 29, -1, 'new', '2013-07-17 18:44:24', 'later'),
(235, 248, 29, -1, 'new', '2013-07-17 18:45:20', 'later'),
(236, 249, 29, -1, 'new', '2013-07-17 18:46:24', 'later'),
(237, 250, 29, -1, 'new', '2013-07-17 18:47:18', 'later'),
(238, 251, 29, -1, 'new', '2013-07-17 18:47:44', 'later'),
(239, 252, 29, -1, 'new', '2013-07-17 18:48:14', 'later'),
(240, 253, 29, -1, 'new', '2013-07-17 18:48:28', 'later'),
(241, 254, 29, -1, 'new', '2013-07-17 18:50:42', 'later'),
(242, 255, 29, -1, 'new', '2013-07-17 18:51:01', 'later'),
(243, 256, 29, -1, 'new', '2013-07-17 18:51:16', 'later'),
(244, 257, 29, -1, 'new', '2013-07-17 18:51:53', 'later'),
(245, 258, 29, -1, 'new', '2013-07-17 18:52:24', 'later'),
(246, 259, 29, -1, 'new', '2013-07-17 18:52:43', 'later'),
(247, 260, 29, -1, 'new', '2013-07-17 18:53:01', 'later'),
(248, 261, 29, -1, 'new', '2013-07-17 18:53:22', 'later'),
(249, 262, 29, -1, 'new', '2013-07-17 18:54:37', 'later'),
(250, 263, 29, -1, 'new', '2013-07-17 18:55:14', 'later'),
(251, 264, 29, -1, 'new', '2013-07-17 18:55:27', 'later'),
(252, 265, 29, -1, 'new', '2013-07-17 18:55:44', 'later'),
(253, 266, 29, -1, 'new', '2013-07-17 18:55:59', 'later'),
(254, 267, 29, -1, 'new', '2013-07-17 18:56:17', 'later'),
(255, 268, 35, -1, 'new', '2013-07-17 19:36:25', 'later'),
(256, 269, 35, -1, 'new', '2013-07-17 19:36:35', 'later'),
(257, 270, 35, -1, 'new', '2013-07-17 19:37:11', 'later'),
(258, 271, 35, -1, 'new', '2013-07-17 19:37:35', 'later'),
(259, 272, 35, -1, 'new', '2013-07-17 19:38:07', 'later'),
(260, 273, 0, -1, 'new', '2013-07-17 19:38:40', 'later'),
(261, 274, 260, -1, 'new', '2013-07-17 19:39:01', 'later'),
(262, 275, 260, -1, 'new', '2013-07-17 19:54:43', 'later'),
(263, 276, 260, -1, 'new', '2013-07-17 19:54:57', 'later'),
(264, 277, 260, -1, 'new', '2013-07-17 19:55:06', 'later'),
(265, 278, 260, -1, 'new', '2013-07-17 19:55:27', 'later'),
(266, 279, 260, -1, 'new', '2013-07-17 19:55:55', 'later'),
(267, 280, 260, -1, 'new', '2013-07-17 19:56:05', 'later'),
(268, 281, 260, -1, 'new', '2013-07-17 19:56:23', 'later'),
(269, 282, 260, -1, 'new', '2013-07-17 19:56:35', 'later'),
(270, 283, 260, -1, 'new', '2013-07-17 19:57:24', 'later'),
(271, 284, 260, -1, 'new', '2013-07-17 19:57:34', 'later'),
(272, 285, 260, -1, 'new', '2013-07-17 19:57:49', 'later'),
(273, 286, 260, -1, 'new', '2013-07-17 19:57:58', 'later'),
(274, 287, 260, -1, 'new', '2013-07-17 19:58:14', 'later'),
(275, 288, 260, -1, 'new', '2013-07-17 20:00:27', 'later'),
(276, 289, 260, -1, 'new', '2013-07-17 20:00:58', 'later'),
(277, 290, 260, -1, 'new', '2013-07-17 20:01:18', 'later'),
(278, 291, 260, -1, 'new', '2013-07-17 20:01:46', 'later'),
(279, 292, 260, -1, 'new', '2013-07-17 20:02:00', 'later'),
(280, 293, 35, -1, 'new', '2013-07-17 20:03:46', 'later'),
(281, 294, 280, -1, 'new', '2013-07-17 20:04:11', 'later'),
(282, 295, 280, -1, 'new', '2013-07-17 20:04:16', 'later'),
(283, 296, 35, -1, 'new', '2013-07-17 20:34:07', 'later'),
(284, 297, 35, -1, 'new', '2013-07-17 20:34:25', 'later'),
(285, 298, 35, -1, 'new', '2013-07-17 20:35:29', 'later'),
(286, 299, 35, -1, 'new', '2013-07-17 20:35:51', 'later'),
(287, 300, 35, -1, 'new', '2013-07-17 20:36:05', 'later'),
(288, 301, 35, -1, 'new', '2013-07-17 20:36:26', 'later'),
(289, 302, 35, -1, 'new', '2013-07-17 20:36:43', 'later'),
(290, 303, 35, -1, 'new', '2013-07-17 20:37:48', 'later'),
(291, 304, 35, -1, 'new', '2013-07-17 20:38:25', 'later'),
(292, 305, 35, -1, 'new', '2013-07-17 20:39:37', 'later'),
(293, 306, 35, -1, 'new', '2013-07-17 20:40:31', 'later'),
(294, 307, 35, -1, 'new', '2013-07-17 21:50:06', 'later'),
(295, 308, 35, -1, 'new', '2013-07-17 21:50:21', 'later'),
(296, 309, 35, -1, 'new', '2013-07-17 21:50:37', 'later'),
(297, 310, 35, -1, 'new', '2013-07-17 21:50:58', 'later'),
(298, 311, 35, -1, 'new', '2013-07-17 21:51:20', 'later'),
(299, 312, 35, -1, 'new', '2013-07-17 21:52:53', 'later'),
(300, 313, 35, -1, 'new', '2013-07-17 21:53:51', 'later'),
(301, 314, 35, -1, 'new', '2013-07-17 21:55:50', 'later'),
(302, 315, 35, -1, 'new', '2013-07-17 21:56:56', 'later'),
(303, 316, 35, -1, 'new', '2013-07-17 21:57:20', 'later'),
(304, 317, 35, -1, 'new', '2013-07-17 21:58:00', 'later'),
(305, 318, 35, -1, 'new', '2013-07-17 21:59:04', 'later'),
(306, 319, 35, -1, 'new', '2013-07-17 21:59:41', 'later'),
(307, 320, 35, -1, 'new', '2013-07-17 22:00:08', 'later'),
(308, 321, 35, -1, 'new', '2013-07-17 22:00:58', 'later'),
(309, 322, 35, -1, 'new', '2013-07-17 22:01:11', 'later'),
(310, 323, 35, -1, 'new', '2013-07-17 22:02:17', 'later'),
(311, 324, 23, -1, 'new', '2013-07-17 22:05:06', 'normal'),
(312, 325, 23, -1, 'new', '2013-07-17 22:07:20', 'normal'),
(313, 326, 31, -1, 'new', '2013-07-17 22:09:28', 'urgent'),
(314, 327, 105, -1, 'new', '2013-07-18 10:07:48', 'later'),
(315, 328, 314, -1, 'new', '2013-07-18 10:11:53', 'later'),
(316, 329, 314, -1, 'new', '2013-07-18 10:14:41', 'later'),
(317, 330, 314, -1, 'new', '2013-07-18 10:16:19', 'later'),
(318, 331, 314, -1, 'new', '2013-07-18 10:57:05', 'later'),
(319, 332, 314, -1, 'new', '2013-07-18 11:08:10', 'later'),
(320, 333, 314, -1, 'new', '2013-07-18 11:08:43', 'later'),
(321, 334, 314, -1, 'new', '2013-07-18 11:10:47', 'later'),
(322, 335, 314, -1, 'new', '2013-07-18 11:12:09', 'later'),
(323, 336, 314, -1, 'new', '2013-07-18 11:15:53', 'later'),
(324, 337, 314, -1, 'new', '2013-07-18 11:16:23', 'later'),
(325, 338, 314, -1, 'new', '2013-07-18 11:17:02', 'later'),
(326, 339, 314, -1, 'new', '2013-07-18 11:17:46', 'later'),
(327, 340, 314, -1, 'new', '2013-07-18 11:18:18', 'later'),
(328, 341, 314, -1, 'new', '2013-07-18 11:18:29', 'later'),
(329, 342, 314, -1, 'new', '2013-07-18 11:19:10', 'later'),
(330, 343, 29, -1, 'new', '2013-07-21 21:40:49', 'later');

/*!40101 SET CHARACTER_SET_CLIENT=@OLD_CHARACTER_SET_CLIENT */;
/*!40101 SET CHARACTER_SET_RESULTS=@OLD_CHARACTER_SET_RESULTS */;
/*!40101 SET COLLATION_CONNECTION=@OLD_COLLATION_CONNECTION */;
